<?xml version="1.0" encoding="UTF-8"?>
<project-private xmlns="http://www.netbeans.org/ns/project-private/1">
    <editor-bookmarks xmlns="http://www.netbeans.org/ns/editor-bookmarks/2" lastBookmarkId="0"/>
    <open-files xmlns="http://www.netbeans.org/ns/projectui-open-files/2">
        <group>
            <file>file:/Users/tobi/Library/CloudStorage/OneDrive-UniversityofthePhilippines/Requirements/EEE%20192/%5BEEE%20192%5D%20Project%20Implementation/Integrated.X/platform/bmp180.c</file>
            <file>file:/Users/tobi/Library/CloudStorage/OneDrive-UniversityofthePhilippines/Requirements/EEE%20192/%5BEEE%20192%5D%20Project%20Implementation/Integrated.X/main.c</file>
            <file>file:/Users/tobi/Library/CloudStorage/OneDrive-UniversityofthePhilippines/Requirements/EEE%20192/%5BEEE%20192%5D%20Project%20Implementation/Integrated.X/inc/main.h</file>
            <file>file:/Users/tobi/Library/CloudStorage/OneDrive-UniversityofthePhilippines/Requirements/EEE%20192/%5BEEE%20192%5D%20Project%20Implementation/Integrated.X/platform/aht10.c</file>
            <file>file:/Users/tobi/Library/CloudStorage/OneDrive-UniversityofthePhilippines/Requirements/EEE%20192/%5BEEE%20192%5D%20Project%20Implementation/Integrated.X/platform/i2c_host.c</file>
            <file>file:/Users/tobi/Library/CloudStorage/OneDrive-UniversityofthePhilippines/Requirements/EEE%20192/%5BEEE%20192%5D%20Project%20Implementation/Integrated.X/platform/tc.c</file>
        </group>
    </open-files>
</project-private>
